Id,Category
c5693b7d_ab8f.JPEG,22
9e70a764_2962.JPEG,17
b54e8c45_5503.JPEG,22
fe6b0876_df17.JPEG,15
e57c80f8_247c.JPEG,22
e22a4256_3ada.JPEG,22
4f8af6a9_5994.JPEG,22
7b8e1487_9661.JPEG,22
dd8a6980_4f56.JPEG,22
28da5d54_8f9c.JPEG,24
baefd2d6_f17a.JPEG,22
91304362_779c.JPEG,22
71cc387a_4b56.JPEG,17
8219a219_a3e9.JPEG,22
c0992f3a_7945.JPEG,24
7d3f356f_e56d.JPEG,25
cabf7653_7c55.JPEG,24
3f32a975_ee37.JPEG,22
070cf4b2_4b65.JPEG,22
71ebbeb4_e1f2.JPEG,17
9cb5b963_d88f.JPEG,22
a190b742_c751.JPEG,22
097cec85_c4ac.JPEG,22
37a5675e_2551.JPEG,22
ddcbf234_0e67.JPEG,24
ac1a4cfe_e66d.JPEG,22
f8539521_3357.JPEG,24
6dc7ba96_f6f7.JPEG,22
503a76b5_a74b.JPEG,25
6886f7f5_f395.JPEG,17
e5749e7f_63a3.JPEG,22
fd125164_4440.JPEG,25
d585f1d4_77b6.JPEG,27
6143aedb_6f82.JPEG,25
0ed6a061_e373.JPEG,17
b6ec02ad_1119.JPEG,22
d910a5bc_fae7.JPEG,22
2d9436ee_4080.JPEG,2
ec608767_ebb0.JPEG,22
dc3b81ac_b4ed.JPEG,17
52b5b24e_4304.JPEG,22
72262a6a_3598.JPEG,24
f1995f41_7250.JPEG,25
3f7956cd_1f77.JPEG,22
44e27b6d_5efa.JPEG,22
a4beaffd_01d8.JPEG,27
57ee0124_6125.JPEG,15
a7dbfb94_835b.JPEG,10
c0ff32dc_5efe.JPEG,17
2ecb6391_a360.JPEG,22
02deb098_4f7a.JPEG,7
62a11380_f079.JPEG,27
5d581d86_3072.JPEG,24
516e0277_8a0f.JPEG,22
3ea1c19d_fa54.JPEG,24
4c6c26ef_7cf7.JPEG,24
fe3b98ea_471c.JPEG,22
7a0c92a8_b066.JPEG,22
4f650555_d4b8.JPEG,25
55fcc1c9_67c9.JPEG,15
20a6e02c_0c20.JPEG,22
41431f2f_7fa2.JPEG,22
9c288c49_84b9.JPEG,22
91ab507a_b62b.JPEG,22
ae6a9548_6ceb.JPEG,22
0b2686b9_eea9.JPEG,17
997f3bf5_867e.JPEG,25
57984cea_ff96.JPEG,15
b6ba477b_9a5b.JPEG,27
5c36d83a_41db.JPEG,6
4db26cc4_5235.JPEG,22
6e19ae59_bc9e.JPEG,25
d18643d4_abfd.JPEG,22
63b023b8_dcfe.JPEG,21
a6ac99d2_1bc1.JPEG,22
e4aeabfd_e5b2.JPEG,15
dbac3e89_1508.JPEG,22
16425897_3bbe.JPEG,22
79ec0add_e213.JPEG,25
7f99e79a_ab4d.JPEG,22
09dac3bd_267f.JPEG,15
c685ef4c_9992.JPEG,25
38c7e3a4_3df9.JPEG,24
babc128e_7a04.JPEG,22
7509bcbf_13e4.JPEG,22
28d0f5e9_373c.JPEG,22
70fe6254_f8bf.JPEG,22
5d7e7366_c025.JPEG,22
ce20c73f_3863.JPEG,27
192473cc_a65c.JPEG,15
e7080f92_94d6.JPEG,22
8d3f6198_ea4f.JPEG,22
e93d16b1_46f3.JPEG,17
9832cd29_afcd.JPEG,3
86a29d33_9db8.JPEG,22
41ba7abb_5e28.JPEG,17
99304d48_8b0f.JPEG,11
3870542b_b512.JPEG,22
687d8f9c_da76.JPEG,24
15acc3ec_b335.JPEG,24
6a94f3f0_5960.JPEG,22
d68a3f6f_4a4a.JPEG,24
ea30cf26_4cde.JPEG,22
80df2af7_d312.JPEG,22
5b54261a_3e2c.JPEG,22
28dc14da_e6df.JPEG,22
d8fec76d_83b1.JPEG,17
07dd7dfd_f2ad.JPEG,17
2d7cc2a9_0472.JPEG,22
07dcfc8e_efda.JPEG,24
a6b55e0d_f5fe.JPEG,24
b2149e77_e276.JPEG,22
49f74c11_d65e.JPEG,15
af51abe4_c7fb.JPEG,3
003e8ac5_d95f.JPEG,17
12286522_9b69.JPEG,22
0e2a2a81_5ff8.JPEG,21
8a4732e6_7396.JPEG,15
53e75d52_1fad.JPEG,7
0a130fb8_b027.JPEG,22
15463fa4_2546.JPEG,25
2e38a3cf_49d5.JPEG,22
0650c09c_17e5.JPEG,26
692eab5d_eb14.JPEG,25
7185a7a8_779b.JPEG,25
64877b7c_9aae.JPEG,11
6bf27808_e31b.JPEG,25
1ae4e16b_4a50.JPEG,22
4546bba6_e5a1.JPEG,17
d3d41fa2_782f.JPEG,25
bcfaca02_1d7b.JPEG,25
bf604f3f_a1d0.JPEG,3
d1990281_2e08.JPEG,2
df34afa0_ffdd.JPEG,15
7bcb76cf_0fa2.JPEG,3
8c85a52d_db47.JPEG,22
45bd5a78_5095.JPEG,25
eeba9f44_a2bb.JPEG,21
c0c06d48_a825.JPEG,10
27e58421_3d12.JPEG,25
166bf218_a863.JPEG,22
df5bbbf6_5132.JPEG,25
c4414de6_d049.JPEG,22
84e56c0c_0ca7.JPEG,25
6de2e6ed_3dc3.JPEG,7
f1396e22_e668.JPEG,27
c1c283c7_21b3.JPEG,24
981de50e_289b.JPEG,22
c78347f0_bfac.JPEG,11
d2c70baf_3874.JPEG,24
611d1773_0ffe.JPEG,25
7d6636ad_459e.JPEG,25
177660cf_70a4.JPEG,24
536ec65c_064c.JPEG,24
b2181525_4702.JPEG,22
f98810ac_9e18.JPEG,22
93f099ef_5440.JPEG,25
5afc6db6_b07a.JPEG,24
3277162e_b063.JPEG,22
644b8d1a_a871.JPEG,24
335625d6_36bd.JPEG,22
528a6720_423e.JPEG,22
ab406e9b_e0e7.JPEG,22
57a8438e_9682.JPEG,15
8df1ddde_12f1.JPEG,22
24a9951a_a3dd.JPEG,22
4c873cae_3c06.JPEG,25
1d9cd2ad_f1c5.JPEG,15
3af72fc8_b33b.JPEG,22
c85f212d_62c2.JPEG,22
404ae741_2150.JPEG,25
87c6b28b_5225.JPEG,15
adf32143_081f.JPEG,24
17e0a202_70e3.JPEG,22
1fe3cb50_641a.JPEG,25
f134b33f_315d.JPEG,11
15887902_5007.JPEG,22
e5b424b5_54bd.JPEG,21
b01daa2e_cd94.JPEG,22
a82e86d7_3b85.JPEG,25
afb29d72_47b5.JPEG,22
2491ece9_0cbe.JPEG,10
34ced50a_aba9.JPEG,24
379a35a5_51e7.JPEG,22
24a75206_d0a4.JPEG,22
42727288_829b.JPEG,11
531983f1_921a.JPEG,7
4cf23054_f598.JPEG,22
2c8e6f33_808b.JPEG,22
3f80e70e_4cda.JPEG,22
76ecd33d_24c2.JPEG,21
c6e04258_0ee1.JPEG,24
5b2c2f36_04f5.JPEG,22
cc857f89_daba.JPEG,22
d31e519d_6700.JPEG,27
3efabbaa_c27c.JPEG,27
1cec70ec_4ceb.JPEG,24
fac49eec_2319.JPEG,22
be2d4196_b36d.JPEG,25
8cbe0833_4a78.JPEG,22
10133c3b_7c10.JPEG,25
d14f3182_e891.JPEG,15
affb5b1e_1db3.JPEG,25
c9704655_7452.JPEG,22
9da5d7f0_b1fc.JPEG,24
893f903a_c141.JPEG,2
2cb0e6d5_0694.JPEG,24
b4bd2dac_c818.JPEG,22
c4e7cfef_f334.JPEG,22
fba9a6da_6538.JPEG,22
f9d7caf2_6aff.JPEG,22
6b1951b6_0f0a.JPEG,24
ef4c95eb_f01e.JPEG,27
ca059d4b_796c.JPEG,15
4ab869c5_4b5b.JPEG,13
1189db4a_609f.JPEG,24
4b22ac44_13f0.JPEG,24
e799cf74_77a8.JPEG,24
978dde0f_9142.JPEG,22
7008be96_6d99.JPEG,24
36332afa_2420.JPEG,22
2e6aa472_f8b9.JPEG,22
9356b12c_c6c9.JPEG,11
1483594f_425a.JPEG,22
55c8baec_6b32.JPEG,25
afd7d1d5_1aea.JPEG,22
94e0451a_5a03.JPEG,22
908fdafb_6fc9.JPEG,22
8e0715ad_5fcf.JPEG,24
de44aca8_8d3e.JPEG,24
526a5c6c_3acc.JPEG,22
123589e5_dd21.JPEG,3
2eaad817_50dd.JPEG,22
e08581de_22d1.JPEG,22
ca7a98fa_5e1d.JPEG,15
d45de23d_03a3.JPEG,22
a36a030b_ba85.JPEG,22
0edb11a0_cfdd.JPEG,27
5f7d359b_5001.JPEG,22
e712e54a_3a1b.JPEG,22
4064a58a_f1e8.JPEG,25
1cd1f943_2379.JPEG,22
a32b18c3_1f93.JPEG,24
d272a263_5151.JPEG,24
c63114a8_ca0a.JPEG,22
0eab4ca5_ca6c.JPEG,15
2377dc1c_2610.JPEG,25
f4be09ee_6469.JPEG,15
dea2553d_30f2.JPEG,10
ea97b573_47c9.JPEG,7
d0973f38_4421.JPEG,2
a2f6970b_2402.JPEG,22
1735792e_de3a.JPEG,24
40877977_8446.JPEG,22
58db41a7_e544.JPEG,25
d08920fb_e84a.JPEG,25
e78e9906_0935.JPEG,24
b836dc7b_8319.JPEG,24
4b1fe570_e969.JPEG,7
4de0ed09_fa12.JPEG,24
2a3102d5_7ff8.JPEG,17
8153d18e_f035.JPEG,25
cf5f0d7b_a01f.JPEG,25
86e47fac_9c14.JPEG,22
e348f1bb_a6e4.JPEG,25
116a31b1_3479.JPEG,25
e221f2e7_f406.JPEG,15
8f6fd903_d0f0.JPEG,22
4ff5ad60_5265.JPEG,24
00cc0f59_c28c.JPEG,27
e4f28278_4eb6.JPEG,22
54b64746_e619.JPEG,17
8232e95c_d4c2.JPEG,22
b4ca9aef_42cf.JPEG,24
2ff54e11_6495.JPEG,27
d73db720_a9ea.JPEG,24
fe68063c_ff3f.JPEG,22
f28d1b20_6432.JPEG,25
6eb5d903_d92e.JPEG,21
a31df4c1_695a.JPEG,22
94305a1f_3061.JPEG,2
fa793a85_590e.JPEG,22
3a66d2d7_8a51.JPEG,22
0ae02665_9b79.JPEG,15
8726234f_5520.JPEG,22
c9628440_9dce.JPEG,22
139bca06_f1d9.JPEG,24
7098c76a_c182.JPEG,22
8dd4aeed_6446.JPEG,22
90a00545_d8af.JPEG,24
2db37750_a473.JPEG,22
5525951d_b2aa.JPEG,22
e6af2227_024a.JPEG,22
a7c0f5e6_e2bd.JPEG,22
605151e1_fdd5.JPEG,24
1d46a5fc_b1e6.JPEG,27
7f19ba4a_9471.JPEG,22
08e9f60e_5be0.JPEG,27
69058482_40d2.JPEG,18
e1544faf_17e2.JPEG,22
48a32edf_7031.JPEG,24
6c8b7c9b_a3bf.JPEG,22
a142c4c0_7f81.JPEG,24
f8856dd7_d9da.JPEG,22
e2e0b7d7_ee7e.JPEG,22
18f8e4cb_3aa5.JPEG,17
e3f2821a_9a84.JPEG,22
b3ac825f_047b.JPEG,24
86b4ee38_68aa.JPEG,2
4956495e_2cbd.JPEG,25
319f6f9e_e0e0.JPEG,22
4c887e0f_f44e.JPEG,22
6f733013_f109.JPEG,22
ad2e62e1_01b3.JPEG,17
1accd50c_c541.JPEG,22
b58dcbb4_88c1.JPEG,22
817f076c_f7ed.JPEG,15
245349e3_fb00.JPEG,22
2cbcab7a_f62f.JPEG,23
630e5106_3d82.JPEG,22
6c5b0bc1_01de.JPEG,15
0231845e_f36d.JPEG,22
af9d7378_e8f1.JPEG,22
287c7df9_939c.JPEG,27
5236c5a7_dffc.JPEG,25
08406de5_9267.JPEG,11
20665899_9650.JPEG,22
e3ce830d_70c8.JPEG,24
70414e84_70b8.JPEG,22
b4c86e53_e7f1.JPEG,17
5908d547_8d1d.JPEG,22
58f57f4f_63b5.JPEG,25
438bfdee_e781.JPEG,10
2eca08cd_5c20.JPEG,22
09f26028_4ac1.JPEG,24
b68b44fb_d661.JPEG,15
38eca680_2736.JPEG,24
39da8eb0_eb47.JPEG,15
bc1288ce_030b.JPEG,22
cf0dc7cb_4922.JPEG,22
86f13a15_2646.JPEG,25
fbd9c7b0_43cd.JPEG,17
6772b60e_80ce.JPEG,0
d3a9b142_cfaf.JPEG,22
e44934ce_fab1.JPEG,24
9c09d138_cb02.JPEG,24
5d077724_a1c7.JPEG,22
e293aab4_3c87.JPEG,25
efc7edcc_ad19.JPEG,24
21a25865_1be0.JPEG,24
bb3f8aba_f8c1.JPEG,22
aa33d2f6_8e32.JPEG,17
2c565ca6_3441.JPEG,25
6c80328c_6799.JPEG,22
562826de_b34a.JPEG,15
5036a08f_a61d.JPEG,17
471c3a33_2e33.JPEG,22
4bc4e710_e443.JPEG,15
a09bade1_61ae.JPEG,15
3a74326f_ebdd.JPEG,22
311e4001_7927.JPEG,24
5df4bb08_221d.JPEG,15
2368ff43_2322.JPEG,22
972a74ad_aefc.JPEG,22
2a816bbd_e656.JPEG,25
826bc03d_31ac.JPEG,22
3f5f8a5e_8b56.JPEG,24
a7d38c3a_a649.JPEG,25
c31c9533_5f57.JPEG,24
9307cea9_0b08.JPEG,24
29186256_ea0b.JPEG,25
71cb103e_f63c.JPEG,15
a6166271_d539.JPEG,7
8f0251b6_0743.JPEG,22
2f8ae3e1_a4a2.JPEG,15
689766c8_2cc6.JPEG,22
cbf54a33_d67a.JPEG,24
844f3a18_5e73.JPEG,24
6df3dc82_b02b.JPEG,22
781e45a3_fe2d.JPEG,25
11b5cba6_2c77.JPEG,2
83dbaa63_953a.JPEG,22
86aa3f28_4f2f.JPEG,24
1c28958e_0951.JPEG,22
3d3eab1a_99e7.JPEG,27
e2b012b9_a084.JPEG,17
4d000314_ca09.JPEG,24
8b85f789_e0b0.JPEG,22
72cebab4_b9e0.JPEG,25
e946c2e0_6fed.JPEG,15
bc027300_4e68.JPEG,15
eff581c0_08b4.JPEG,25
5602ed7b_c9ee.JPEG,27
4b05b359_3b09.JPEG,27
034075ad_df2c.JPEG,25
a2613176_081b.JPEG,22
46f06245_0f67.JPEG,24
9be8e139_ed11.JPEG,22
ae4bb6cf_ca6e.JPEG,22
a319cb78_27bf.JPEG,25
a847703a_80f5.JPEG,17
12891da0_1c3f.JPEG,2
2a697572_baad.JPEG,27
984b7ea9_fc32.JPEG,25
24f40d13_e6d5.JPEG,22
9b2a4258_f376.JPEG,24
686a8641_f519.JPEG,24
a5cbf219_3ca7.JPEG,22
4b77fe7b_7e31.JPEG,24
552434c3_4cb2.JPEG,15
9bd7e127_6357.JPEG,25
72662bd7_98ac.JPEG,22
132ed331_400f.JPEG,24
842cb7a1_1382.JPEG,15
97d3f367_93a3.JPEG,17
eb202d89_af2d.JPEG,22
79d175d8_eaf8.JPEG,11
48a08e55_f3b9.JPEG,24
c6cf88a2_c2eb.JPEG,3
b49336ae_0120.JPEG,24
d330d36b_bb8a.JPEG,24
4d462c98_d28e.JPEG,25
363755d6_2636.JPEG,2
caa91c3d_5b0a.JPEG,22
a6e52ce6_db5b.JPEG,22
1a648fdb_2a86.JPEG,24
82d292ba_9480.JPEG,22
d8f3d650_49ff.JPEG,24
6b71ecac_776d.JPEG,22
693ac594_e69f.JPEG,22
1a4683ad_e07d.JPEG,25
ec0d139f_d4a5.JPEG,15
2a030782_7b7d.JPEG,25
dd1e7fb8_f81e.JPEG,22
2713b864_6bb9.JPEG,17
cc5689f0_f019.JPEG,22
6f23684a_f86e.JPEG,24
bbdafed9_60a8.JPEG,27
6be979d4_aac2.JPEG,24
36ac601b_70a3.JPEG,22
7bfccfcd_4223.JPEG,25
a1033860_eb52.JPEG,15
c2e84e99_386d.JPEG,25
68efca23_3feb.JPEG,24
c40b90ac_ef95.JPEG,22
ef63c7a3_f96b.JPEG,22
4067e82f_00ac.JPEG,22
08f02b24_cd1e.JPEG,24
8836afc7_e48b.JPEG,24
c6f7fc8d_7ffd.JPEG,24
f9a60875_6829.JPEG,22
87c1d314_6956.JPEG,21
663796a4_f772.JPEG,22
9f4a316d_a324.JPEG,17
38ff6d2d_5fa4.JPEG,22
c8804cab_41f6.JPEG,22
3e14653d_24e6.JPEG,24
52ae0c85_ecd2.JPEG,22
f8afad63_a937.JPEG,27
535be349_3f50.JPEG,17
a2744b04_6ea3.JPEG,22
dee92104_5fc3.JPEG,24
c433c0f8_ab1e.JPEG,22
98f00866_619c.JPEG,22
066fd3f4_9bc3.JPEG,22
adf8ebbb_9bc5.JPEG,25
d8952a2a_4084.JPEG,22
1a52b54f_f1d3.JPEG,22
b906d17d_ca12.JPEG,22
6e156901_27da.JPEG,22
56b5e77b_aadc.JPEG,11
107d6902_b178.JPEG,25
c81adeb1_d69b.JPEG,7
5881cc86_3b14.JPEG,17
db0db645_893a.JPEG,21
b74ceea1_0d34.JPEG,25
9f010b2a_783f.JPEG,25
f4307c63_3e02.JPEG,22
19486b62_cc6a.JPEG,24
b9472db5_56be.JPEG,11
1120c0d7_4beb.JPEG,22
7fe880c5_aa87.JPEG,22
bc3355ec_d1aa.JPEG,22
ab820e0d_bee7.JPEG,22
a575baf2_1802.JPEG,22
547b4bab_e558.JPEG,24
e676df49_feb9.JPEG,24
aad5c62b_9c78.JPEG,22
a2c339a8_60be.JPEG,25
2e08450f_7ddc.JPEG,24
9ec17ab3_66be.JPEG,17
ce9d2a45_9bf8.JPEG,24
d646721f_f17a.JPEG,10
9001c21e_91cf.JPEG,22
4435b2ea_428d.JPEG,22
b6780e8e_bf3e.JPEG,11
7ec323b9_1691.JPEG,25
caf291b4_646f.JPEG,15
64dffa84_313b.JPEG,22
e6190825_4d5a.JPEG,22
96c74aa8_3820.JPEG,22
842459f6_794e.JPEG,25
213e4678_bd28.JPEG,25
313ea04d_5447.JPEG,25
a86b49da_91b6.JPEG,24
451a403f_ad75.JPEG,17
2ae7aaa0_9b5d.JPEG,10
50f977dd_adef.JPEG,17
a6a4307a_39c8.JPEG,22
a1675ba8_7877.JPEG,24
91e8f933_01a2.JPEG,22
e299279f_f90c.JPEG,22
52494510_ffa4.JPEG,15
a6a0c84f_340b.JPEG,25
18262247_1f6f.JPEG,24
a0415f4b_fce9.JPEG,24
f65b7f18_8ccd.JPEG,22
08fce536_5c11.JPEG,24
56460cd5_ba66.JPEG,27
f8aa72e2_49b5.JPEG,22
afa7e11c_536d.JPEG,25
d02a4e07_8f8a.JPEG,25
b48ff283_c7fd.JPEG,22
d43c4fb4_59b0.JPEG,24
ac376391_d9d8.JPEG,15
494532cf_3005.JPEG,25
b102ac48_e8c6.JPEG,25
09f9737f_8634.JPEG,22
6ce882e2_57d6.JPEG,22
fce542c2_2d68.JPEG,25
70913c85_5bc5.JPEG,17
f21c34c6_f3a9.JPEG,22
cfa2a3e7_9713.JPEG,25
7b701377_1fdf.JPEG,22
e66be35f_dacb.JPEG,22
01ac3da5_388c.JPEG,25
58b3e184_fd87.JPEG,22
fbf113df_d377.JPEG,24
3d1b1f86_4fc0.JPEG,15
cbe65fb3_b64a.JPEG,25
bb79ae30_cb47.JPEG,17
a2762a70_c6dc.JPEG,22
0e5cd4ca_be2f.JPEG,25
32dab9cc_cac2.JPEG,22
3bf017ee_632c.JPEG,24
744e588e_212f.JPEG,27
32657308_f9e9.JPEG,24
49a6ff9f_eb54.JPEG,15
4c47361e_21db.JPEG,11
6c631f5d_6a29.JPEG,24
5fbb5267_23ac.JPEG,11
e0f87e1d_6644.JPEG,25
2711149f_58cf.JPEG,22
2b52e6ac_3939.JPEG,24
d44835bf_7579.JPEG,27
d2737003_8613.JPEG,27
97023582_bc09.JPEG,24
64bb61e6_5b66.JPEG,24
a08a76fa_5fd5.JPEG,24
4bc6e5d1_0daa.JPEG,22
bee64f39_c905.JPEG,24
23db050f_fde9.JPEG,7
58a74deb_e696.JPEG,22
e5cee731_0492.JPEG,15
dab3221f_a158.JPEG,22
339dc0b5_dd78.JPEG,26
094bcd98_ce9d.JPEG,22
1072bd5f_8dcc.JPEG,24
e7195185_3607.JPEG,25
88a3667f_0270.JPEG,22
2f3bdf6c_d213.JPEG,22
ed44c213_4292.JPEG,15
309b8de4_c569.JPEG,22
33b69720_78d7.JPEG,22
49c6e9de_2e7b.JPEG,17
ab63c06f_b7b8.JPEG,22
d25f6c97_f1f8.JPEG,15
5715f186_9b98.JPEG,22
dc166f0f_f928.JPEG,22
1347c800_f6dc.JPEG,24
ec4af1fe_8730.JPEG,22
9eebc114_8092.JPEG,24
365ac804_31c6.JPEG,15
cc06c81b_fdce.JPEG,27
5bb1a62e_75aa.JPEG,25
eb5e9b4e_32f8.JPEG,24
e071d764_0cc0.JPEG,17
fd9eafc2_2e2e.JPEG,22
35f99a27_be09.JPEG,17
96203c83_65ac.JPEG,22
42b95737_ce1a.JPEG,24
f3ae74ad_bf95.JPEG,27
aec0c360_5a82.JPEG,22
2e5ff95d_4f15.JPEG,25
84db50c3_9bb1.JPEG,22
f47bed90_f7e0.JPEG,15
2bfb0d7c_ff6f.JPEG,17
a6a4d04d_b43e.JPEG,22
be45479c_1cc9.JPEG,22
eeeea9a9_bbf6.JPEG,22
574081a5_7226.JPEG,22
79b49059_b118.JPEG,15
eaac56d4_abe4.JPEG,22
98b7db88_2ac0.JPEG,27
73128b3f_ec4d.JPEG,11
54555700_f930.JPEG,25
90316abf_3aab.JPEG,22
062fa290_d469.JPEG,27
1c16e7a6_e91d.JPEG,22
2fb47900_64eb.JPEG,22
46b16304_087e.JPEG,22
0df704a8_4380.JPEG,22
db8bb74a_9380.JPEG,16
5e72627e_7207.JPEG,22
42ff4769_768f.JPEG,22
2f719cee_c15f.JPEG,22
ef947c3d_8ac9.JPEG,15
04f853fc_2ae3.JPEG,17
b4ba76d8_97e4.JPEG,15
c1e26fbf_9b11.JPEG,25
300653b4_91ac.JPEG,15
9da844c1_cf72.JPEG,7
ca1b5107_fded.JPEG,22
a6936977_9275.JPEG,22
af82c128_80ec.JPEG,25
cef3a576_3a30.JPEG,22
4355b9cc_a5ff.JPEG,22
aa5d7246_bc07.JPEG,25
735f766e_da1f.JPEG,22
9fca8315_b2b4.JPEG,22
27d8f307_d6bd.JPEG,22
27b6dcea_180f.JPEG,22
e0f7ef07_8579.JPEG,22
3aa8dea2_a275.JPEG,15
17793b59_91d7.JPEG,22
9384ccdb_1d62.JPEG,24
718c0c6b_c99c.JPEG,26
9b93e5cf_ec0a.JPEG,22
d1ada698_f4d8.JPEG,22
9d994eff_943d.JPEG,25
bbe4895f_40bf.JPEG,24
0c01c54d_7adb.JPEG,22
c295c6f2_3a2b.JPEG,22
abd1ef08_3196.JPEG,25
a9a847be_b249.JPEG,22
a78295e8_617c.JPEG,15
631f2256_b11b.JPEG,15
10498dfc_c9bf.JPEG,22
231e549c_6783.JPEG,24
74bc0396_e2d2.JPEG,22
0b8fec4c_8a2e.JPEG,22
cfdfd8e7_e31b.JPEG,22
a43d8bf2_b517.JPEG,22
da0633ef_5178.JPEG,22
faa192de_0094.JPEG,15
9fe90a38_3674.JPEG,22
7130899e_8021.JPEG,22
2f3317a9_c4ad.JPEG,22
245a50e8_1414.JPEG,25
ecbcb2d5_8f9c.JPEG,24
fcbbf805_7c05.JPEG,25
f2f26b1c_29ad.JPEG,22
48e06804_8d23.JPEG,22
46ad1fd8_0986.JPEG,24
b767ca86_adca.JPEG,17
76da5f4d_eba0.JPEG,22
91cbacd6_b4e0.JPEG,27
46d79d3f_4348.JPEG,17
ff0008ab_daa6.JPEG,22
caa9dd5c_b55b.JPEG,25
579c3455_1488.JPEG,22
dc6917ba_a6f7.JPEG,22
b5b8a6c7_f3aa.JPEG,24
6014f6ed_56dd.JPEG,24
9078ce80_dc94.JPEG,10
b308335f_15c8.JPEG,22
61bcba26_2f20.JPEG,27
3b254b74_a28c.JPEG,22
7fa796db_9756.JPEG,22
8cf6df8b_a8c8.JPEG,24
5ba44f6e_907b.JPEG,22
cd4cbe58_e9d2.JPEG,22
68cfafa2_4960.JPEG,24
fc26479a_9811.JPEG,25
0c604c60_2854.JPEG,24
e66e143f_b167.JPEG,24
0dca6fe1_b5c9.JPEG,22
205d798a_eec2.JPEG,25
965dd65a_fc08.JPEG,24
d203e64d_dc4e.JPEG,25
4bcf9bed_7c56.JPEG,24
ff3c0445_3966.JPEG,24
15047b91_5b5d.JPEG,22
d7b111a2_7e0d.JPEG,10
bba3f387_49d1.JPEG,27
f2c5213e_cc46.JPEG,22
8a72896d_bb00.JPEG,2
d704c7de_d88f.JPEG,24
72ceb726_9aa5.JPEG,22
0c7df704_13ce.JPEG,2
94414920_5863.JPEG,17
707088a0_bdc1.JPEG,22
ea12c411_2e65.JPEG,25
1ec20470_d3df.JPEG,22
0584f303_b2c2.JPEG,24
31d39f21_076b.JPEG,24
0ca9797d_2943.JPEG,24
3b18f9b2_6b2d.JPEG,22
23b86ff4_50bf.JPEG,24
6a55f33c_d181.JPEG,10
130db487_c627.JPEG,25
b7d3c7cc_399a.JPEG,26
7bf90219_a09f.JPEG,22
db3409bc_ca1f.JPEG,15
18999d83_d6bf.JPEG,24
33330d0a_c108.JPEG,17
50f32de9_6711.JPEG,7
6c19e845_ceb5.JPEG,25
129299ba_7a83.JPEG,25
3e793df6_b3e1.JPEG,27
3dd9f5dc_0e57.JPEG,27
96794e8d_55d3.JPEG,10
6614822f_fc03.JPEG,26
f78568e1_ef60.JPEG,24
cef78093_5d23.JPEG,22
dcddf2c3_6de9.JPEG,24
b087221f_edb4.JPEG,24
c8eca1ca_cbf6.JPEG,22
9d62e9e1_6916.JPEG,22
2b0cee6e_9c69.JPEG,22
270cac39_8315.JPEG,22
b18692cd_10b0.JPEG,24
b08cbfd2_0ca2.JPEG,22
449cb139_7524.JPEG,17
e4f65129_41e9.JPEG,24
467a62f3_0f9a.JPEG,22
21b83f6d_1b9b.JPEG,22
e5292cdb_8ee1.JPEG,22
53d03f91_6520.JPEG,15
3ffb9a01_a7db.JPEG,25
d7f25e4b_2cdf.JPEG,24
b567906f_ec83.JPEG,10
35929ce6_c23d.JPEG,22
1556c90f_a569.JPEG,15
c92f6d54_c181.JPEG,24
47b1634e_6142.JPEG,25
70e47803_c7b3.JPEG,24
a7947f0a_a6f7.JPEG,15
d63bbe19_33e6.JPEG,22
03857667_542b.JPEG,17
64f8e9ef_9025.JPEG,15
0e63903c_5e30.JPEG,24
154f008f_9fd9.JPEG,25
80c4345d_88b2.JPEG,2
4dde5fab_6545.JPEG,25
7b7c0d66_d598.JPEG,17
b75bce87_f74b.JPEG,2
94a1174c_c504.JPEG,24
1a4119c5_1a53.JPEG,25
386afb57_4a8e.JPEG,27
92d41c2a_75b6.JPEG,22
5a50cb4a_9070.JPEG,22
9016b72d_a407.JPEG,26
5ef47323_94af.JPEG,26
e27fdd27_3b1a.JPEG,2
36817488_7277.JPEG,15
327a50da_41f8.JPEG,22
d79eac26_8f15.JPEG,15
d09b3132_2e5c.JPEG,24
1ddb5d45_6348.JPEG,22
5a9616d8_82de.JPEG,24
7af2a07d_080f.JPEG,24
2a99a71f_a58b.JPEG,22
5843325c_4fb0.JPEG,15
78fbd2b8_19de.JPEG,22
6583a0f2_31d6.JPEG,22
4aa5f41a_6b64.JPEG,24
587aa398_5c0b.JPEG,22
98327aae_7f29.JPEG,2
dfa685fd_de6c.JPEG,24
97d18505_64f1.JPEG,27
c24ca075_d9a3.JPEG,22
af27a74b_9eea.JPEG,24
1ca29731_6750.JPEG,22
c5ac96bd_19f3.JPEG,22
c02e62ab_ddb4.JPEG,24
6496a455_2596.JPEG,24
b3600248_2146.JPEG,22
c037c735_a0c0.JPEG,17
723daaff_7219.JPEG,22
c08a2c09_b90b.JPEG,22
fdb3ed9f_031c.JPEG,7
c93adc21_0254.JPEG,22
aa059264_993c.JPEG,15
92da2562_33f8.JPEG,15
344b997f_7700.JPEG,14
5029002e_b42f.JPEG,15
f31d13a5_dd38.JPEG,15
37ea549a_64f6.JPEG,17
a83d572d_3e3e.JPEG,25
02ca680c_05f8.JPEG,24
353ab6e8_386a.JPEG,22
25b36ad2_0d3e.JPEG,27
7e2929e6_dfc1.JPEG,15
c1a47d72_731b.JPEG,7
7d6ed583_9492.JPEG,15
81ff2233_fad6.JPEG,25
23a5a083_e360.JPEG,25
23eed59c_135a.JPEG,24
ffeb889c_dc4d.JPEG,24
79563e38_de55.JPEG,22
b661d364_ffcb.JPEG,24
0c26df4c_5166.JPEG,15
6a3b406f_b814.JPEG,25
166abd7a_fd34.JPEG,25
e2b3aa17_bc61.JPEG,17
fe17db74_5c79.JPEG,24
890a9e44_3831.JPEG,25
75f77f69_85fd.JPEG,22
438db41e_bb18.JPEG,24
f2c8f3a4_c989.JPEG,22
76978129_c38e.JPEG,25
c40c0c0e_f59a.JPEG,11
ef76dbfd_a0d9.JPEG,24
8a50d525_75f6.JPEG,7
4232bfc4_f7cb.JPEG,22
1db40a7c_3b7c.JPEG,10
8379c4c9_02e2.JPEG,7
3d63b650_c76a.JPEG,15
5e104b5e_2176.JPEG,15
7a91e5a0_c0ca.JPEG,15
2e14a1fa_b0aa.JPEG,22
0dc50700_484b.JPEG,15
9206998a_0e84.JPEG,15
a6c95c9b_e22f.JPEG,17
1232b894_0419.JPEG,24
2ce96038_cebd.JPEG,25
efecb39b_ce4c.JPEG,22
aef8272a_fb4b.JPEG,25
c1580739_af33.JPEG,25
92e6f67b_156c.JPEG,15
29a793ec_8dad.JPEG,24
641edeec_63aa.JPEG,16
fca4ef12_191b.JPEG,25
85f2b4bc_e2b9.JPEG,22
6cb91a32_9cd4.JPEG,22
7bf11073_49aa.JPEG,25
2e2669d2_9712.JPEG,22
37aa66a7_a7f8.JPEG,22
c821113c_f28d.JPEG,25
12732b95_e758.JPEG,22
92502731_4757.JPEG,10
34d02595_f152.JPEG,25
b2957267_b4c1.JPEG,24
017bb00e_55c6.JPEG,22
3871ab64_e922.JPEG,17
6e305079_904a.JPEG,16
bf7ebcf5_2c1a.JPEG,16
242ce88d_56a2.JPEG,22
781f7ef1_1c8c.JPEG,24
ee8c96ce_08c1.JPEG,15
1b5ba4d0_1196.JPEG,25
cb49f2a6_1fec.JPEG,15
57aa436f_cb67.JPEG,27
c345c600_6506.JPEG,17
731f39e2_cf7a.JPEG,22
1686928a_85f6.JPEG,15
4c66f2d0_5b0f.JPEG,22
4ef9278e_8890.JPEG,27
e0cc7520_6812.JPEG,27
c955c081_4b76.JPEG,22
9aed7938_21b4.JPEG,22
e5e64630_dc49.JPEG,25
244dab7e_37e2.JPEG,25
aee55e95_3758.JPEG,22
d72adff7_69c5.JPEG,22
581127e3_dfe7.JPEG,27
969c28cb_ff44.JPEG,22
872203af_c278.JPEG,22
56644db2_744c.JPEG,24
7b0ac251_8a9f.JPEG,7
0cf25cf9_9a7e.JPEG,27
6a0e7623_7069.JPEG,22
6b71c3c9_106b.JPEG,22
6038b1dd_1e08.JPEG,22
4e147b69_ac20.JPEG,17
d10c6b37_b4f9.JPEG,23
2e9e835b_14b5.JPEG,24
65d64f22_0f31.JPEG,22
021e79f9_428c.JPEG,15
d32f0002_3441.JPEG,7
c3fd7650_b904.JPEG,24
7743080d_4ab5.JPEG,25
42e1c236_ebbb.JPEG,22
e5859fd9_1c6a.JPEG,25
3caffeb6_04ba.JPEG,15
0ce7533b_7de5.JPEG,27
ca901818_cfd0.JPEG,22
2f9ea616_941a.JPEG,23
7a8f5dee_2928.JPEG,22
586fac03_c0b1.JPEG,15
95c1cabb_e8d1.JPEG,25
63fe3517_098a.JPEG,22
ddf33e95_79a6.JPEG,17
39d02cf4_238a.JPEG,27
dae27b98_697c.JPEG,22
2fff4145_7d91.JPEG,25
920bc351_617a.JPEG,22
f9f51fff_cbb2.JPEG,17
85759b7c_a6dc.JPEG,26
ed61ea43_1806.JPEG,22
7695a330_8fe9.JPEG,22
caa298df_d350.JPEG,29
787d0e4b_1f85.JPEG,25
0ce44a18_ee45.JPEG,15
89d60a16_4103.JPEG,25
012f1624_cf5f.JPEG,22
31ed4529_c8eb.JPEG,25
f3f4727a_57a2.JPEG,22
066c63a5_54bb.JPEG,22
28bdbe2b_e59a.JPEG,22
feb0e053_ddb1.JPEG,23
02b18219_101a.JPEG,22
582b7a6e_19c4.JPEG,22
fb6fb8cd_12d8.JPEG,15
efba08e8_9cb3.JPEG,11
fcd8c9ed_0168.JPEG,26
fe9cc471_91c7.JPEG,22
89371a5f_60d1.JPEG,17
a73fb6fc_133e.JPEG,27
8d4fe9d8_d672.JPEG,24
85d92299_0256.JPEG,22
5d72cd16_ad4f.JPEG,24
c500354a_dd74.JPEG,25
5bd9194e_2108.JPEG,17
393596b6_9023.JPEG,15
46c571e0_a64d.JPEG,24
46244dcf_8431.JPEG,17
52ea0a46_7635.JPEG,11
35794b8b_48ce.JPEG,24
ac6a97cf_3fe8.JPEG,17
8f19a6d0_7a18.JPEG,27
1b7a7b20_3034.JPEG,22
ac2d7f8b_022e.JPEG,25
a624f52e_54dd.JPEG,25
d0ac1579_9259.JPEG,24
f99d098a_bf06.JPEG,22
c423b4b9_73fb.JPEG,25
75e0157a_910c.JPEG,24
48524e61_1d09.JPEG,22
8976b67c_0f91.JPEG,22
8f92306a_8be3.JPEG,7
e03f69c6_4b73.JPEG,15
86088e7c_4273.JPEG,17
48bf79a1_b528.JPEG,24
0bf3f391_fb71.JPEG,22
f386d114_0809.JPEG,25
628d434f_ab41.JPEG,22
a7eb75a9_8e03.JPEG,22
cbaa5ae1_ff64.JPEG,24
b40b631b_c221.JPEG,22
12566919_3e2f.JPEG,17
7d6e2bef_de0a.JPEG,22
b10793b1_07ae.JPEG,24
039d6fc1_24d4.JPEG,24
ea334357_4823.JPEG,24
bb328c44_62d7.JPEG,22
6da1fdc1_4556.JPEG,17
bff7e71c_81f2.JPEG,24
692ff349_26eb.JPEG,24
ab7dc0c1_0d8c.JPEG,16
4452b077_0739.JPEG,22
439c3323_420a.JPEG,22
6a48c4ed_8dae.JPEG,15
0e50e839_af59.JPEG,22
03bbbd08_965e.JPEG,17
17486e26_d607.JPEG,25
8467ef2b_0f1f.JPEG,22
bf444377_7601.JPEG,24
f29b646e_5e4d.JPEG,22
bc58b100_8914.JPEG,24
22516300_5960.JPEG,22
0d27512a_8511.JPEG,25
cae0e25b_6a4f.JPEG,25
ca79d6c6_f99f.JPEG,25
8c9ef00e_701a.JPEG,22
9aa7c4e4_b90d.JPEG,25
2d79cf99_eb5e.JPEG,22
746d4276_4d45.JPEG,22
ac3343c6_94c6.JPEG,27
cde8daa1_6afe.JPEG,22
66a28f0a_d0ca.JPEG,24
0fb4d5cf_0112.JPEG,25
68d541fd_cb5b.JPEG,2
8b3e77b4_b916.JPEG,24
79bb81ac_313e.JPEG,22
43118381_2651.JPEG,24
c92291ab_13e3.JPEG,25
be1a1034_8bea.JPEG,25
574d962d_2db2.JPEG,25
37fdd1a9_905d.JPEG,22
d9a75f78_7686.JPEG,22
e9563e46_2485.JPEG,24
c2e9ad4d_d0c9.JPEG,25
a5755293_dcdd.JPEG,25
8ac978c2_3954.JPEG,17
4511a752_3869.JPEG,11
aa66358e_3b56.JPEG,7
8970a2cd_0765.JPEG,22
a3a6f145_a145.JPEG,18
312edcd0_ab4f.JPEG,22
0de291a9_6140.JPEG,22
ab12da81_2aff.JPEG,17
76acd5e3_2561.JPEG,26
0ae03fbb_5363.JPEG,17
87e8f965_c41f.JPEG,22
bf79a358_15c8.JPEG,17
9972e7f4_b80a.JPEG,22
caab1005_3260.JPEG,22
cbce06c7_6900.JPEG,25
a3cab62c_712a.JPEG,22
8f21e3f5_b50e.JPEG,22
0e08f7d3_b8c2.JPEG,22
579114c9_0386.JPEG,22
930a94aa_14d7.JPEG,22
b6896dc7_c0d1.JPEG,22
564a5ee4_2998.JPEG,15
257249b4_4a52.JPEG,24
e2cbe75e_8b39.JPEG,17
840873d9_7267.JPEG,24
652a805a_9528.JPEG,17
63b7487c_7fc2.JPEG,15
ac7b0a74_5565.JPEG,15
6abce8e8_0d91.JPEG,22
0a547c95_69b1.JPEG,25
42561099_03e4.JPEG,22
7f751fe9_144d.JPEG,26
701a6b58_ec43.JPEG,17
4704307f_7d52.JPEG,12
5491876b_8669.JPEG,22
38df3807_0c2a.JPEG,27
52c338a0_ad3e.JPEG,22
eb90f280_88b0.JPEG,3
50097fbb_f8da.JPEG,27
5fcf4029_54cc.JPEG,24
4010b23f_c1d1.JPEG,11
787f49f0_a5c2.JPEG,22
dbd2d97f_d52c.JPEG,22
455c09e9_ee75.JPEG,22
ea72008f_29f6.JPEG,3
6fc5b5fd_e485.JPEG,22
1a89c2ba_d997.JPEG,25
9ddcbc5c_d0f5.JPEG,15
fe0cb920_d0dc.JPEG,24
b8b12a05_635d.JPEG,22
5e971b9c_f9b6.JPEG,22
83be001d_b494.JPEG,15
5832b3d8_2b27.JPEG,25
b8259f40_6a23.JPEG,22
c82abbcc_9abb.JPEG,17
4360a45e_8e52.JPEG,24
cfb2bb87_e2d5.JPEG,25
8ab777fb_a217.JPEG,22
b7bb3acc_6ece.JPEG,24
e30968d9_494e.JPEG,22
a0488f99_c5fe.JPEG,26
443c2a21_80f4.JPEG,25
d77dcdec_bbdc.JPEG,17
3473b6b6_d17b.JPEG,24
4be2de4b_8dc7.JPEG,24
f4a8b2ff_640e.JPEG,15
ff151b7e_d09f.JPEG,25
e4defe12_7deb.JPEG,15
d3a682f7_c91f.JPEG,24
bdec25c1_9b20.JPEG,22
d9440518_25c1.JPEG,24
e1b756b9_0925.JPEG,22
23534364_055c.JPEG,22
d0ec2838_a515.JPEG,22
659e20f6_3386.JPEG,22
fd1b7518_e670.JPEG,22
018ced7c_cd98.JPEG,22
860fe4ec_6212.JPEG,3
021aacf4_70e6.JPEG,24
a530f810_080e.JPEG,25
a5555a49_3e66.JPEG,2
0e5fe93b_cc58.JPEG,22
e3b9deed_9712.JPEG,15
14e559d5_9b7a.JPEG,22
52e34ccb_e864.JPEG,24
3b1dd24e_335f.JPEG,22
eab017a8_dc8d.JPEG,24
08ca0b44_3ab1.JPEG,26
1ced1830_db47.JPEG,15
23e86911_f878.JPEG,24
9ee15eed_3996.JPEG,11
0ce6f9d7_7b3a.JPEG,10
6ce5d264_5654.JPEG,22
6ac8d1ca_6cfa.JPEG,20
0bcded0d_65ef.JPEG,22
75921779_d291.JPEG,22
2be8a77a_ae93.JPEG,24
83f0e7f3_9297.JPEG,25
ccf13e96_0ae6.JPEG,25
3b37fcfd_72e1.JPEG,22
761a3563_f365.JPEG,15
b4e7dd33_0505.JPEG,24
28918e02_0db9.JPEG,22
5df16518_14e1.JPEG,22
082f7e6c_aacf.JPEG,25
8818fc2a_63fc.JPEG,24
9bdcad75_5d98.JPEG,24
0b232170_5426.JPEG,25
c2652bbf_e9e6.JPEG,24
3b6d8f50_09e4.JPEG,22
2d0a1a49_38ad.JPEG,22
99af4606_1ce1.JPEG,22
36f14293_d642.JPEG,25
49147ebb_34e4.JPEG,22
9045a272_c0da.JPEG,22
98075785_774d.JPEG,25
60dc62d7_5f9d.JPEG,22
bc9918f3_6caa.JPEG,2
5b7900f1_7de8.JPEG,22
5239cb35_03b5.JPEG,22
74c22886_c2df.JPEG,22
ff5b3540_6090.JPEG,25
f3f07a34_37bc.JPEG,22
6cda1a1d_30b1.JPEG,24
5f94c8fc_853f.JPEG,17
d440225a_14c1.JPEG,17
76e8901b_f5bf.JPEG,22
c1e66980_967d.JPEG,22
695701f0_0c85.JPEG,25
fca46dc6_ce08.JPEG,15
013b6458_ebee.JPEG,22
dcbb8a3c_16f8.JPEG,7
46de4c3e_85f0.JPEG,22
7b900ab6_2dff.JPEG,22
84176dee_a777.JPEG,27
b0deb61d_85dc.JPEG,22
478c8c07_80cb.JPEG,22
d34a150b_0fe4.JPEG,17
2d11742f_49f2.JPEG,22
ee08f842_0f8e.JPEG,22
1bdc8515_1d85.JPEG,17
b31f291a_7c51.JPEG,25
2d81f1b3_a35c.JPEG,11
4b147419_b797.JPEG,15
38a57023_74ed.JPEG,26
34636ed1_1dd3.JPEG,24
17d93857_a62a.JPEG,10
5007acd3_4ed1.JPEG,24
88ee114c_7273.JPEG,22
994f63aa_e4e7.JPEG,24
1f4f2f6c_7de7.JPEG,24
e0fe549a_f478.JPEG,15
da01d0f0_4118.JPEG,22
b9120831_5005.JPEG,22
16168638_0003.JPEG,15
52b48e8a_6e58.JPEG,22
3cd78dc8_37be.JPEG,22
b113b4b6_7ac2.JPEG,17
90656829_c117.JPEG,15
e3120c50_fa52.JPEG,27
41501aaf_cd2d.JPEG,24
b0430235_1816.JPEG,15
e91ee721_4d5b.JPEG,24
6e4f3b28_478b.JPEG,15
2ca4f47f_c61f.JPEG,27
067ad419_04ea.JPEG,22
7c3753bd_771d.JPEG,24
ba6ad04f_52e7.JPEG,17
0a32f209_1b6e.JPEG,24
84ab56c4_3da8.JPEG,25
2134c7c8_877a.JPEG,22
7529549e_8aa2.JPEG,10
aef79fbd_3e83.JPEG,7
6f59888d_3103.JPEG,25
b8aa2938_d2dc.JPEG,27
09adcb5d_e59f.JPEG,22
e1b7b058_2b1d.JPEG,15
f83769c5_1c1b.JPEG,27
1e5d0301_43f5.JPEG,3
6b823ad4_23eb.JPEG,17
2573eaa5_e6a3.JPEG,22
fd971625_90d2.JPEG,22
655de488_4f7a.JPEG,24
97b23868_a1ea.JPEG,16
10be184e_d085.JPEG,10
924e7afb_b201.JPEG,25
181613e2_bd70.JPEG,27
2ed3125c_5364.JPEG,15
ece81d19_6443.JPEG,22
6acf6d49_04c3.JPEG,22
83056104_3076.JPEG,24
d4d5210d_78d0.JPEG,25
d7bee0a6_47dc.JPEG,15
56055ee4_c909.JPEG,25
27b5dd75_ea98.JPEG,15
245c9ad4_90f2.JPEG,17
458df749_f72a.JPEG,22
a5f3780d_dfa7.JPEG,24
75fe8489_ca50.JPEG,22
367e692c_2049.JPEG,24
de913696_9ff7.JPEG,22
030da6f6_6fcd.JPEG,22
a023252e_f7fb.JPEG,22
26797b8d_e89d.JPEG,22
016330f6_4c40.JPEG,24
adf55bb3_3f55.JPEG,25
28142e51_7809.JPEG,24
4dcfe40c_0341.JPEG,25
b1efa7dd_2b27.JPEG,17
efe0face_01b4.JPEG,23
8b477992_6f68.JPEG,16
154340ed_5bdc.JPEG,25
a24e1ad6_1750.JPEG,24
291a8571_5688.JPEG,25
858a153d_8ede.JPEG,15
d8ef2392_7960.JPEG,15
4bad1a46_67d9.JPEG,22
ab22281e_21f9.JPEG,25
0ad55c32_0758.JPEG,22
b15fa5ce_1969.JPEG,15
919866d8_e971.JPEG,22
beb14eb4_2235.JPEG,25
8d4e15c8_829f.JPEG,24
f5bb3073_5b1a.JPEG,25
99f8d1d4_c048.JPEG,22
fb18e748_41a3.JPEG,15
5c4504cd_8cff.JPEG,22
99eaa4a5_7fee.JPEG,27
91706c38_1f65.JPEG,17
0f2d3b11_86a6.JPEG,22
25b5fd91_1283.JPEG,22
5491a3cb_8d3f.JPEG,17
f4631b27_7a36.JPEG,15
559c6924_69c4.JPEG,22
164bd906_ae2c.JPEG,24
8e5e1e54_73b5.JPEG,22
5c05c452_2653.JPEG,11
fc626e03_02d8.JPEG,22
0d4f61e4_57e5.JPEG,22
3dfd5c87_19cf.JPEG,25
ac77f8f5_0c55.JPEG,22
3b562f36_4ff6.JPEG,25
def4e073_791d.JPEG,25
c0474ffc_9dee.JPEG,24
695ccefb_7cd4.JPEG,25
7daacb63_0800.JPEG,15
155dec18_0480.JPEG,22
b32ed140_5094.JPEG,15
4517ffea_c10b.JPEG,10
bd16fda1_e9ed.JPEG,22
df77633c_c527.JPEG,24
1f91aed7_79d3.JPEG,2
0bbf9645_b4e1.JPEG,15
b64446bb_a282.JPEG,24
c60245e7_ce39.JPEG,17
9de2ebf3_2904.JPEG,22
9a966d84_9f15.JPEG,24
0f053120_acbc.JPEG,22
382b4ec3_f8d3.JPEG,25
f46fee7e_36b7.JPEG,22
2106733a_6223.JPEG,22
d9f11f81_d9f7.JPEG,17
36e2f1d5_db78.JPEG,25
27d9124d_1162.JPEG,24
5fecbff1_f278.JPEG,23
bccf1a2c_0daa.JPEG,24
5b9e890c_c819.JPEG,22
a3911059_60fe.JPEG,22
f2fa2732_ddc2.JPEG,27
d4e7767e_d512.JPEG,27
0524000b_beb4.JPEG,17
8750f7b0_1093.JPEG,27
0688cbd3_6fbf.JPEG,25
56345844_8fea.JPEG,24
9244caf3_b7bc.JPEG,22
8ffbfda8_d3a1.JPEG,22
2aa809a3_a2b3.JPEG,24
088cb239_4edd.JPEG,17
c77dec82_da91.JPEG,24
0935106f_eeea.JPEG,17
6a879a40_ab2d.JPEG,27
69607de3_1647.JPEG,27
15b06454_431b.JPEG,24
4bfee003_5950.JPEG,17
c90358eb_f55b.JPEG,25
697b9cc2_a70a.JPEG,22
4e1078b1_90c6.JPEG,22
4e3cd498_1197.JPEG,24
1064abf3_e77f.JPEG,22
01e03add_a6b3.JPEG,22
491d35ea_4f33.JPEG,24
4a4146c5_3798.JPEG,24
af9fafa6_4abd.JPEG,22
c013326c_e51b.JPEG,24
d51dd26e_9a5d.JPEG,22
f49186ac_d0fe.JPEG,7
414eb77e_932c.JPEG,22
8ca489e1_12ba.JPEG,15
8baaf599_c370.JPEG,24
56294e5a_3cac.JPEG,22
c8a2e25d_25af.JPEG,25
c84262d9_bc63.JPEG,22
15f28e55_4a7d.JPEG,24
22f77805_6aac.JPEG,10
05d3ade4_2301.JPEG,22
4ce2a7f8_3cad.JPEG,22
1173a2fd_fed6.JPEG,24
2c6b9a8e_02a9.JPEG,24
a6d9bf90_2beb.JPEG,17
99ea99aa_fc1f.JPEG,22
c5ea27e6_21c0.JPEG,24
d18b5bbe_aa8b.JPEG,22
0f374a2d_cf9e.JPEG,24
361c95ac_dc63.JPEG,24
f5fa8a84_74ed.JPEG,15
585bf147_cd64.JPEG,27
aaa93d55_936e.JPEG,24
ab315ea2_dd08.JPEG,22
f4ed70f6_1ee1.JPEG,20
717079c4_d489.JPEG,24
cd827434_fa55.JPEG,25
f2702b35_b81d.JPEG,25
181be9d3_e352.JPEG,25
2749c09d_10f1.JPEG,22
cae3757d_068d.JPEG,24
9673fe66_4432.JPEG,29
8c522022_c531.JPEG,22
a27a118c_39dc.JPEG,2
6944c5e1_1ee7.JPEG,22
52c77703_d135.JPEG,22
cd5c18e5_e699.JPEG,24
b66d28af_c7d7.JPEG,15
61058ef1_7579.JPEG,25
077969e7_23fa.JPEG,27
d1035632_1960.JPEG,24
df86c408_aacc.JPEG,7
5bfcce79_68ff.JPEG,24
ff1e4f2b_5114.JPEG,24
ccf9e88c_b624.JPEG,24
e7bf2cc4_bed0.JPEG,22
dd04db55_ec92.JPEG,24
c3afc90b_f4be.JPEG,22
bcb43769_c953.JPEG,24
a2bc30c9_4c9f.JPEG,24
e27bbdc5_905b.JPEG,22
7a2848e7_114f.JPEG,24
40709a04_fc23.JPEG,24
b28da628_bf8e.JPEG,22
947beb63_2e75.JPEG,22
551a5dcf_8399.JPEG,10
8677335a_fa75.JPEG,22
32eb1ed0_1d03.JPEG,22
7da6ccf0_e253.JPEG,26
76c62eb0_4f20.JPEG,25
6edb42c1_2472.JPEG,7
8ccff3fe_149b.JPEG,25
b221c75f_e8bb.JPEG,22
690bf3cc_79f1.JPEG,27
809038f7_5844.JPEG,27
050c24d2_4c10.JPEG,27
2c9d9bc4_b8ef.JPEG,17
1629082c_e40f.JPEG,22
059ee125_0ebc.JPEG,22
63933c4c_6ce0.JPEG,22
7e18bce3_23e3.JPEG,24
7fbe2c63_b16d.JPEG,22
23dcca68_b677.JPEG,24
4edf4ee5_4311.JPEG,25
166f16c0_89b9.JPEG,24
b1e88088_3da7.JPEG,24
54fe6101_ff59.JPEG,22
7bc8a73e_789e.JPEG,22
611ee6d9_ae05.JPEG,22
781661e8_05f0.JPEG,24
be9dc6a0_19b5.JPEG,22
8f75fc82_f151.JPEG,22
7a43a350_2176.JPEG,2
bb175ca6_3278.JPEG,22
be70f7b0_03e4.JPEG,2
c3bf74c3_3aed.JPEG,24
9e7b9c5e_89b9.JPEG,2
6767d0dc_caf6.JPEG,2
440d8198_d355.JPEG,22
1dbffb5d_acdc.JPEG,25
abd1d273_66f9.JPEG,22
3a86a356_06bc.JPEG,22
b92d5203_ce37.JPEG,21
c44d995d_46dc.JPEG,22
44d240a8_8da4.JPEG,27
e40925aa_44af.JPEG,25
02e42e2a_2d54.JPEG,22
558f05bd_243f.JPEG,22
12dbcd4d_e873.JPEG,25
4a36f5ed_b0b7.JPEG,27
c89b4a77_233b.JPEG,22
a6f4ac34_c56c.JPEG,25
b4b06206_bf51.JPEG,25
e3f8a80c_6dce.JPEG,25
c4549e04_6b9e.JPEG,24
a7e460a5_b1a7.JPEG,22
e595b3a1_0310.JPEG,22
75bbc003_d05c.JPEG,27
24deccdf_440c.JPEG,17
581cfd09_a94f.JPEG,27
8421428a_c2f3.JPEG,22
fc32e698_83d5.JPEG,27
d4d96e99_66b4.JPEG,22
af99bb93_1318.JPEG,24
2ec90dd9_f23e.JPEG,22
c996766c_021a.JPEG,22
876b84d6_c8f9.JPEG,26
06e45e6e_e21d.JPEG,24
02a775ca_50f2.JPEG,22
e7293166_8a95.JPEG,7
bafc00c3_8b73.JPEG,24
86d947a7_8b74.JPEG,26
21aed518_54e6.JPEG,24
336be7d2_3bdc.JPEG,17
b96e7f64_dab9.JPEG,10
f557c933_e324.JPEG,24
f0bb10a1_9cd7.JPEG,24
3ce1804b_1531.JPEG,22
d571886c_dc92.JPEG,17
6e487a50_e1fa.JPEG,24
e740f7d4_38a3.JPEG,24
26592a41_895c.JPEG,24
62f72548_b77a.JPEG,24
e4bc45ad_5030.JPEG,22
767ef0b7_3a85.JPEG,22
2629ac91_d823.JPEG,25
6e208a7a_25e9.JPEG,24
6b2b8adc_3a4d.JPEG,24
d52d86ef_abd4.JPEG,22
8e4ffc93_5692.JPEG,2
5580d739_5679.JPEG,22
20aeaad4_224a.JPEG,11
104ca587_4730.JPEG,22
e1b1688e_436f.JPEG,17
8beea58a_8e57.JPEG,22
2edbf1d0_1df5.JPEG,22
8e6b937b_db03.JPEG,17
d6097327_18c8.JPEG,17
c8433fa6_62f4.JPEG,22
64514bee_a290.JPEG,22
db398113_93c7.JPEG,24
16aadebe_046a.JPEG,22
f8f3d586_0a2a.JPEG,22
9208ad1d_f9eb.JPEG,22
e0cd8a43_5102.JPEG,22
8eb2fd34_91e7.JPEG,10
88ae46a9_8878.JPEG,27
633a0733_9735.JPEG,24
33735794_dc75.JPEG,22
8dd1634d_47d2.JPEG,24
8137b07e_876b.JPEG,11
49673e22_29ea.JPEG,25
e7e88713_514f.JPEG,17
553389f0_a07d.JPEG,22
6d3e26c8_2113.JPEG,15
6ba44dc8_427a.JPEG,22
dbb59173_7fd8.JPEG,22
11c1f9b5_b838.JPEG,25
0e697e09_9878.JPEG,22
85eecaa9_b267.JPEG,22
4128b04f_2787.JPEG,22
9744443a_2c67.JPEG,22
58e369b5_e97a.JPEG,22
e121528a_92ba.JPEG,22
d33c2b21_97de.JPEG,22
4f47b9c2_470f.JPEG,27
4ea682ab_c914.JPEG,15
0638c3b9_58e2.JPEG,17
2c0b532d_54d6.JPEG,2
cc25cb65_a584.JPEG,25
dad34e2e_e9b0.JPEG,22
6bd65dc6_de45.JPEG,22
d2e80282_0bca.JPEG,22
4b6edcab_cba3.JPEG,22
b5ce4172_a514.JPEG,25
e549a096_9e7c.JPEG,17
3a638ca4_1dec.JPEG,25
478019b4_9aa4.JPEG,25
3552e203_55c0.JPEG,25
f10ef797_b3bd.JPEG,22
45523df8_832f.JPEG,3
78037535_9b2f.JPEG,25
5c9ebfe0_b293.JPEG,22
c5b34aa2_d8f5.JPEG,24
489e6d7d_b178.JPEG,22
4097396e_89aa.JPEG,27
b63a5d25_d8cb.JPEG,24
3af31804_7970.JPEG,22
4e3f5caf_7840.JPEG,24
76e43404_ba33.JPEG,22
7a5c143c_aad8.JPEG,22
